URL ,Commit 
https://github.com/darkreader/darkreader,53c5923c28a333219cfe589911b5c7efc45b9975 (#11492)
https://github.com/freeCodeCamp/freeCodeCamp,b2a366a6a9a343b548cdbd942fe877930502c489
https://github.com/donnemartin/system-design-primer,a07e261677c012d37d26255de6e7b128a2643946
https://github.com/facebook/react,546fe4681c52de6a333a55cedb141c87b626425e
https://github.com/codecrafters-io/build-your-own-x,647f2a440244aee06922f238023eacdf1d725935
https://github.com/jtleek/datasharing,df97230f037c212d8a07cdaf9216348c63644c9b
https://github.com/rdpeng/ProgrammingAssignment2,7f657dd22ac20d22698c53b23f0057e1a12c09b7
https://github.com/SmartThingsCommunity/SmartThingsPublic,eb3cee1775bc55148813909aa9e891631de1e2e8
https://github.com/tensorflow/tensorflow,78f425b7f30a62810f3b7e210e5c7b6c76e34665
https://github.com/github/gitignore,4488915eec0b3a45b5c63ead28f286819c0917de
https://github.com/Pierian-Data/Complete-Python-3-Bootcamp,b15ec5571fe98387916194d4108e861b54eae4c3
https://github.com/twbs/bootstrap,877e6725e679007c93c1e5663d209216807fb3ee
https://github.com/nightscout/cgm-remote-monitor,a09e586b95065d502390475bb4ec415f95c7eff5
https://github.com/Gamua/Starling-Framework,ff0432f616299c2a16cc8822ab8c7c5211745b5d
https://github.com/Genymobile/scrcpy,625934fb1b078a5d66bc4864e8082840d57d4557
https://github.com/obsproject/obs-studio,578dc46a797db8860e90789741bae40441d18575
https://github.com/php/php-src,72e2e25066e2f50ce1c1b1da4fc5721f3460510c
https://github.com/ggerganov/llama.cpp,697966680b27d9b4f05668605b863cb9aea3e15f
https://github.com/dotnet/aspnetcore,579d547d708eb19f8b05b00f5386649d6dac7b6a
https://github.com/files-community/Files,794e7e489aa34690457bdd661972486274e284c8
