Commit ID,Files
85935f75cce984b204b86067186867a58d566ef0,#('docs/browser-bugs.html')
15c8fac7355718b04256ae17b2acde3c96fe2301,#('docs/_data/browser-bugs.yml')
d12ed5520e5501207baf8089a5f1711cd06d863d,#('js/src/modal.js')
532493e6ecbfb5f6cdc6afe4158119930eb686b4,#('scss/_card.scss')
089bc85a494ba18c954c86c83ecc30a2506516a7,#('docs/_data/browser-bugs.yml')
01be344956791303ce1ac1bbd19ed1f86ed13145,#('docs/_data/browser-bugs.yml')
56c63aa6b8d6c2013d067a1e006f74b0e346f22f,#('scss/_nav.scss')
2c2a33566801f4e17537047740b982232bca0a8b,#('docs/_data/browser-bugs.yml')
92cc0aba7be08add9833e1303088928363c3c199,#('scss/_variables.scss' 'scss/mixins/_hover.scss' 'docs/4.0/getting-started/theming.md' 'docs/4.0/getting-started/browsers-devices.md')
dc7ab34cc9f857bcc059b584d67dea40548a3d56,#('docs/_data/browser-bugs.yml')
1be0b57d34c4712ba747ccb0e917acef2117dc13,#('dist/css/bootstrap.css' 'dist/css/bootstrap-rtl.css' 'less/forms.less')
83692b199b2522c1166f0325f4ba79768024aa8d,#('docs/_data/browser-bugs.yml')
99676c780963d3cfe671294a776b738bb4876480,#('scss/forms/_form-file.scss')
701b4679941f54120bde22a4f6d240d2bac835cd,#('docs/_data/browser-bugs.yml')
6f14f02fc56fbd26261fd4cec598b3f7b1db7ff2,#('docs/_data/browser-bugs.yml')
e0c768b6671b5c79736a3267d6363d6f51b4333c,#('docs/_data/browser-bugs.yml')
77b58af064ee6eb462abcbe6b7d5cc866c707bbb,#('docs/_data/browser-bugs.yml')
b09417fd75b068f0eee37bef089f0d08d8ba9b58,#('less/print.less')
c9eb483ca9eb15dac257e10b419645656b370a44,#('scss/_reboot.scss')
d17a481d4d4d41b44f101a7378f8c17cdb49aa26,#('docs/_data/browser-bugs.yml')
33103c0b522a385e849a4e95682705ffaf5cf86d,#('docs/_data/browser-bugs.yml')
ac6477f9884f16f79e39749597642c8be1c849df,#('docs/_data/browser-bugs.yml')
5a1bfc0655cfe3d4898762eba29ca3e502a8313e,#('docs/_data/browser-bugs.yml')
e646889fd6ad64459e407d667babd9ad7eee851f,#('docs/_includes/css/forms.html')
d9345ff7d55e3982b36f88cb7459239a773bbfda,#('dist/css/bootstrap.css' 'less/forms.less' 'dist/css/bootstrap.min.css')
39c313bb1f590f54f8bdf4624f914ea192a375bc,#('docs/_data/browser-bugs.yml')
a24112e85027b406fc1a82fa5bab5bbed165dd48,#('docs/_data/browser-bugs.yml')
183b57b504db56c8b6a889d86d19b6251d23bcb3,#('docs/_data/browser-bugs.yml')
6ab9e10efa9b3a195d5df26d9b901deaa3437cad,#('docs/_data/browser-bugs.yml')
4c615573ad6abcf8ad1fac71b183161860f2fd50,#('docs/_data/browser-bugs.yml')
4c69af22fd2be9a33962976343897be4c60fce8a,#('docs/_data/browser-bugs.yml')
b7ac009a527869dc381b9e4c2272c822d85d2b1c,#('dist/css/bootstrap.css' 'docs/dist/css/bootstrap.min.css' 'less/forms.less' 'dist/css/bootstrap.min.css' 'docs/dist/css/bootstrap.css.map' 'dist/css/bootstrap.css.map')
1ca6c9d7f1d15017c549dd1375ed98bf64404b33,#('scss/_modal.scss')
